graph,query,scenario,run,runtime_ms
artificial_forests_1000_baseline,01_all_descendants,q01_q02,1,257.268
artificial_forests_1000_baseline,01_all_descendants,q01_q02,2,29.528
artificial_forests_1000_baseline,01_all_descendants,q01_q02,3,28.577
artificial_forests_1000_baseline,01_all_descendants,q01_q02,4,19.366
artificial_forests_1000_baseline,01_all_descendants,q01_q02,5,30.240
artificial_forests_1000_dewey,01_all_descendants,q01_q02,1,156.978
artificial_forests_1000_dewey,01_all_descendants,q01_q02,2,34.319
artificial_forests_1000_dewey,01_all_descendants,q01_q02,3,28.457
artificial_forests_1000_dewey,01_all_descendants,q01_q02,4,27.379
artificial_forests_1000_dewey,01_all_descendants,q01_q02,5,25.850
artificial_forests_1000_prepost,01_all_descendants,q01_q02,1,158.531
artificial_forests_1000_prepost,01_all_descendants,q01_q02,2,41.476
artificial_forests_1000_prepost,01_all_descendants,q01_q02,3,35.311
artificial_forests_1000_prepost,01_all_descendants,q01_q02,4,35.152
artificial_forests_1000_prepost,01_all_descendants,q01_q02,5,58.327
artificial_forests_1000_baseline,01_all_descendants,q04,1,12.273
artificial_forests_1000_baseline,01_all_descendants,q04,2,1.776
artificial_forests_1000_baseline,01_all_descendants,q04,3,1.765
artificial_forests_1000_baseline,01_all_descendants,q04,4,1.643
artificial_forests_1000_baseline,01_all_descendants,q04,5,1.807
artificial_forests_1000_dewey,01_all_descendants,q04,1,14.481
artificial_forests_1000_dewey,01_all_descendants,q04,2,2.370
artificial_forests_1000_dewey,01_all_descendants,q04,3,1.696
artificial_forests_1000_dewey,01_all_descendants,q04,4,1.725
artificial_forests_1000_dewey,01_all_descendants,q04,5,1.642
artificial_forests_1000_prepost,01_all_descendants,q04,1,11.322
artificial_forests_1000_prepost,01_all_descendants,q04,2,1.752
artificial_forests_1000_prepost,01_all_descendants,q04,3,2.168
artificial_forests_1000_prepost,01_all_descendants,q04,4,1.723
artificial_forests_1000_prepost,01_all_descendants,q04,5,1.876
artificial_forests_1000_baseline,11_check_if_ancestor,q07,1,176.973
artificial_forests_1000_baseline,11_check_if_ancestor,q07,2,2.560
artificial_forests_1000_baseline,11_check_if_ancestor,q07,3,1.730
artificial_forests_1000_baseline,11_check_if_ancestor,q07,4,1.563
artificial_forests_1000_baseline,11_check_if_ancestor,q07,5,1.464
artificial_forests_1000_dewey,11_check_if_ancestor,q07,1,44.201
artificial_forests_1000_dewey,11_check_if_ancestor,q07,2,1.728
artificial_forests_1000_dewey,11_check_if_ancestor,q07,3,1.137
artificial_forests_1000_dewey,11_check_if_ancestor,q07,4,1.098
artificial_forests_1000_dewey,11_check_if_ancestor,q07,5,1.108
artificial_forests_1000_prepost,11_check_if_ancestor,q07,1,51.375
artificial_forests_1000_prepost,11_check_if_ancestor,q07,2,1.551
artificial_forests_1000_prepost,11_check_if_ancestor,q07,3,1.333
artificial_forests_1000_prepost,11_check_if_ancestor,q07,4,1.628
artificial_forests_1000_prepost,11_check_if_ancestor,q07,5,1.242
artificial_forests_1000_baseline,11_check_if_ancestor,q08,1,11.365
artificial_forests_1000_baseline,11_check_if_ancestor,q08,2,1.584
artificial_forests_1000_baseline,11_check_if_ancestor,q08,3,1.655
artificial_forests_1000_baseline,11_check_if_ancestor,q08,4,1.849
artificial_forests_1000_baseline,11_check_if_ancestor,q08,5,2.279
artificial_forests_1000_dewey,11_check_if_ancestor,q08,1,8.677
artificial_forests_1000_dewey,11_check_if_ancestor,q08,2,1.189
artificial_forests_1000_dewey,11_check_if_ancestor,q08,3,1.130
artificial_forests_1000_dewey,11_check_if_ancestor,q08,4,1.144
artificial_forests_1000_dewey,11_check_if_ancestor,q08,5,1.172
artificial_forests_1000_prepost,11_check_if_ancestor,q08,1,9.235
artificial_forests_1000_prepost,11_check_if_ancestor,q08,2,1.646
artificial_forests_1000_prepost,11_check_if_ancestor,q08,3,1.544
artificial_forests_1000_prepost,11_check_if_ancestor,q08,4,1.557
artificial_forests_1000_prepost,11_check_if_ancestor,q08,5,1.523
artificial_trees_ultrawide_100_baseline,01_all_descendants,q01_q02,1,40.346
artificial_trees_ultrawide_100_baseline,01_all_descendants,q01_q02,2,11.359
artificial_trees_ultrawide_100_baseline,01_all_descendants,q01_q02,3,11.252
artificial_trees_ultrawide_100_baseline,01_all_descendants,q01_q02,4,11.675
artificial_trees_ultrawide_100_baseline,01_all_descendants,q01_q02,5,11.628
artificial_trees_ultrawide_100_dewey,01_all_descendants,q01_q02,1,53.020
artificial_trees_ultrawide_100_dewey,01_all_descendants,q01_q02,2,13.204
artificial_trees_ultrawide_100_dewey,01_all_descendants,q01_q02,3,13.073
artificial_trees_ultrawide_100_dewey,01_all_descendants,q01_q02,4,13.095
artificial_trees_ultrawide_100_dewey,01_all_descendants,q01_q02,5,13.204
artificial_trees_ultrawide_100_prepost,01_all_descendants,q01_q02,1,51.734
artificial_trees_ultrawide_100_prepost,01_all_descendants,q01_q02,2,13.810
artificial_trees_ultrawide_100_prepost,01_all_descendants,q01_q02,3,13.506
artificial_trees_ultrawide_100_prepost,01_all_descendants,q01_q02,4,13.243
artificial_trees_ultrawide_100_prepost,01_all_descendants,q01_q02,5,13.504
artificial_trees_ultrawide_100_baseline,01_all_descendants,q04,1,9.981
artificial_trees_ultrawide_100_baseline,01_all_descendants,q04,2,1.732
artificial_trees_ultrawide_100_baseline,01_all_descendants,q04,3,1.667
artificial_trees_ultrawide_100_baseline,01_all_descendants,q04,4,1.711
artificial_trees_ultrawide_100_baseline,01_all_descendants,q04,5,1.775
artificial_trees_ultrawide_100_dewey,01_all_descendants,q04,1,12.351
artificial_trees_ultrawide_100_dewey,01_all_descendants,q04,2,1.841
artificial_trees_ultrawide_100_dewey,01_all_descendants,q04,3,2.185
artificial_trees_ultrawide_100_dewey,01_all_descendants,q04,4,2.101
artificial_trees_ultrawide_100_dewey,01_all_descendants,q04,5,1.807
artificial_trees_ultrawide_100_prepost,01_all_descendants,q04,1,10.535
artificial_trees_ultrawide_100_prepost,01_all_descendants,q04,2,1.826
artificial_trees_ultrawide_100_prepost,01_all_descendants,q04,3,1.795
artificial_trees_ultrawide_100_prepost,01_all_descendants,q04,4,1.960
artificial_trees_ultrawide_100_prepost,01_all_descendants,q04,5,1.831
artificial_trees_ultrawide_100_baseline,11_check_if_ancestor,q07,1,67.225
artificial_trees_ultrawide_100_baseline,11_check_if_ancestor,q07,2,1.536
artificial_trees_ultrawide_100_baseline,11_check_if_ancestor,q07,3,1.305
artificial_trees_ultrawide_100_baseline,11_check_if_ancestor,q07,4,1.359
artificial_trees_ultrawide_100_baseline,11_check_if_ancestor,q07,5,1.384
artificial_trees_ultrawide_100_dewey,11_check_if_ancestor,q07,1,35.207
artificial_trees_ultrawide_100_dewey,11_check_if_ancestor,q07,2,1.067
artificial_trees_ultrawide_100_dewey,11_check_if_ancestor,q07,3,0.963
artificial_trees_ultrawide_100_dewey,11_check_if_ancestor,q07,4,0.957
artificial_trees_ultrawide_100_dewey,11_check_if_ancestor,q07,5,0.988
artificial_trees_ultrawide_100_prepost,11_check_if_ancestor,q07,1,37.240
artificial_trees_ultrawide_100_prepost,11_check_if_ancestor,q07,2,1.269
artificial_trees_ultrawide_100_prepost,11_check_if_ancestor,q07,3,1.096
artificial_trees_ultrawide_100_prepost,11_check_if_ancestor,q07,4,1.038
artificial_trees_ultrawide_100_prepost,11_check_if_ancestor,q07,5,1.103
artificial_trees_ultrawide_100_baseline,11_check_if_ancestor,q08,1,11.553
artificial_trees_ultrawide_100_baseline,11_check_if_ancestor,q08,2,1.879
artificial_trees_ultrawide_100_baseline,11_check_if_ancestor,q08,3,1.225
artificial_trees_ultrawide_100_baseline,11_check_if_ancestor,q08,4,1.175
artificial_trees_ultrawide_100_baseline,11_check_if_ancestor,q08,5,1.112
artificial_trees_ultrawide_100_dewey,11_check_if_ancestor,q08,1,7.319
artificial_trees_ultrawide_100_dewey,11_check_if_ancestor,q08,2,1.098
artificial_trees_ultrawide_100_dewey,11_check_if_ancestor,q08,3,1.878
artificial_trees_ultrawide_100_dewey,11_check_if_ancestor,q08,4,1.042
artificial_trees_ultrawide_100_dewey,11_check_if_ancestor,q08,5,1.008
artificial_trees_ultrawide_100_prepost,11_check_if_ancestor,q08,1,8.891
artificial_trees_ultrawide_100_prepost,11_check_if_ancestor,q08,2,1.255
artificial_trees_ultrawide_100_prepost,11_check_if_ancestor,q08,3,1.163
artificial_trees_ultrawide_100_prepost,11_check_if_ancestor,q08,4,2.220
artificial_trees_ultrawide_100_prepost,11_check_if_ancestor,q08,5,1.143
artificial_trees_ultrawide_1000_baseline,01_all_descendants,q01_q02,1,121.390
artificial_trees_ultrawide_1000_baseline,01_all_descendants,q01_q02,2,58.822
artificial_trees_ultrawide_1000_baseline,01_all_descendants,q01_q02,3,51.096
artificial_trees_ultrawide_1000_baseline,01_all_descendants,q01_q02,4,43.081
artificial_trees_ultrawide_1000_baseline,01_all_descendants,q01_q02,5,273.840
artificial_trees_ultrawide_1000_dewey,01_all_descendants,q01_q02,1,79.966
artificial_trees_ultrawide_1000_dewey,01_all_descendants,q01_q02,2,43.786
artificial_trees_ultrawide_1000_dewey,01_all_descendants,q01_q02,3,45.340
artificial_trees_ultrawide_1000_dewey,01_all_descendants,q01_q02,4,44.074
artificial_trees_ultrawide_1000_dewey,01_all_descendants,q01_q02,5,45.133
artificial_trees_ultrawide_1000_prepost,01_all_descendants,q01_q02,1,90.805
artificial_trees_ultrawide_1000_prepost,01_all_descendants,q01_q02,2,46.768
artificial_trees_ultrawide_1000_prepost,01_all_descendants,q01_q02,3,47.297
artificial_trees_ultrawide_1000_prepost,01_all_descendants,q01_q02,4,46.728
artificial_trees_ultrawide_1000_prepost,01_all_descendants,q01_q02,5,46.479
artificial_trees_ultrawide_1000_baseline,01_all_descendants,q04,1,10.402
artificial_trees_ultrawide_1000_baseline,01_all_descendants,q04,2,2.276
artificial_trees_ultrawide_1000_baseline,01_all_descendants,q04,3,2.180
artificial_trees_ultrawide_1000_baseline,01_all_descendants,q04,4,2.171
artificial_trees_ultrawide_1000_baseline,01_all_descendants,q04,5,2.150
artificial_trees_ultrawide_1000_dewey,01_all_descendants,q04,1,13.229
artificial_trees_ultrawide_1000_dewey,01_all_descendants,q04,2,2.440
artificial_trees_ultrawide_1000_dewey,01_all_descendants,q04,3,2.334
artificial_trees_ultrawide_1000_dewey,01_all_descendants,q04,4,2.336
artificial_trees_ultrawide_1000_dewey,01_all_descendants,q04,5,2.340
artificial_trees_ultrawide_1000_prepost,01_all_descendants,q04,1,11.743
artificial_trees_ultrawide_1000_prepost,01_all_descendants,q04,2,2.475
artificial_trees_ultrawide_1000_prepost,01_all_descendants,q04,3,2.411
artificial_trees_ultrawide_1000_prepost,01_all_descendants,q04,4,2.385
artificial_trees_ultrawide_1000_prepost,01_all_descendants,q04,5,2.650
artificial_trees_ultrawide_1000_baseline,11_check_if_ancestor,q07,1,56.224
artificial_trees_ultrawide_1000_baseline,11_check_if_ancestor,q07,2,1.079
artificial_trees_ultrawide_1000_baseline,11_check_if_ancestor,q07,3,1.060
artificial_trees_ultrawide_1000_baseline,11_check_if_ancestor,q07,4,0.960
artificial_trees_ultrawide_1000_baseline,11_check_if_ancestor,q07,5,0.928
artificial_trees_ultrawide_1000_dewey,11_check_if_ancestor,q07,1,31.785
artificial_trees_ultrawide_1000_dewey,11_check_if_ancestor,q07,2,0.965
artificial_trees_ultrawide_1000_dewey,11_check_if_ancestor,q07,3,0.805
artificial_trees_ultrawide_1000_dewey,11_check_if_ancestor,q07,4,0.736
artificial_trees_ultrawide_1000_dewey,11_check_if_ancestor,q07,5,0.733
artificial_trees_ultrawide_1000_prepost,11_check_if_ancestor,q07,1,36.418
artificial_trees_ultrawide_1000_prepost,11_check_if_ancestor,q07,2,1.415
artificial_trees_ultrawide_1000_prepost,11_check_if_ancestor,q07,3,1.127
artificial_trees_ultrawide_1000_prepost,11_check_if_ancestor,q07,4,1.114
artificial_trees_ultrawide_1000_prepost,11_check_if_ancestor,q07,5,1.083
artificial_trees_ultrawide_1000_baseline,11_check_if_ancestor,q08,1,57.870
artificial_trees_ultrawide_1000_baseline,11_check_if_ancestor,q08,2,1.278
artificial_trees_ultrawide_1000_baseline,11_check_if_ancestor,q08,3,1.260
artificial_trees_ultrawide_1000_baseline,11_check_if_ancestor,q08,4,1.318
artificial_trees_ultrawide_1000_baseline,11_check_if_ancestor,q08,5,1.322
artificial_trees_ultrawide_1000_dewey,11_check_if_ancestor,q08,1,10.905
artificial_trees_ultrawide_1000_dewey,11_check_if_ancestor,q08,2,1.283
artificial_trees_ultrawide_1000_dewey,11_check_if_ancestor,q08,3,1.281
artificial_trees_ultrawide_1000_dewey,11_check_if_ancestor,q08,4,1.226
artificial_trees_ultrawide_1000_dewey,11_check_if_ancestor,q08,5,1.288
artificial_trees_ultrawide_1000_prepost,11_check_if_ancestor,q08,1,10.059
artificial_trees_ultrawide_1000_prepost,11_check_if_ancestor,q08,2,1.592
artificial_trees_ultrawide_1000_prepost,11_check_if_ancestor,q08,3,1.324
artificial_trees_ultrawide_1000_prepost,11_check_if_ancestor,q08,4,1.249
artificial_trees_ultrawide_1000_prepost,11_check_if_ancestor,q08,5,1.257
artificial_trees_ultrawide_10000_baseline,01_all_descendants,q01_q02,1,475.127
artificial_trees_ultrawide_10000_baseline,01_all_descendants,q01_q02,2,407.507
artificial_trees_ultrawide_10000_baseline,01_all_descendants,q01_q02,3,379.203
artificial_trees_ultrawide_10000_baseline,01_all_descendants,q01_q02,4,414.300
artificial_trees_ultrawide_10000_baseline,01_all_descendants,q01_q02,5,379.258
artificial_trees_ultrawide_10000_dewey,01_all_descendants,q01_q02,1,487.064
artificial_trees_ultrawide_10000_dewey,01_all_descendants,q01_q02,2,499.411
artificial_trees_ultrawide_10000_dewey,01_all_descendants,q01_q02,3,442.713
artificial_trees_ultrawide_10000_dewey,01_all_descendants,q01_q02,4,486.496
artificial_trees_ultrawide_10000_dewey,01_all_descendants,q01_q02,5,438.834
artificial_trees_ultrawide_10000_prepost,01_all_descendants,q01_q02,1,550.165
artificial_trees_ultrawide_10000_prepost,01_all_descendants,q01_q02,2,503.709
artificial_trees_ultrawide_10000_prepost,01_all_descendants,q01_q02,3,463.230
artificial_trees_ultrawide_10000_prepost,01_all_descendants,q01_q02,4,508.992
artificial_trees_ultrawide_10000_prepost,01_all_descendants,q01_q02,5,456.687
artificial_trees_ultrawide_10000_baseline,01_all_descendants,q04,1,10.294
artificial_trees_ultrawide_10000_baseline,01_all_descendants,q04,2,2.413
artificial_trees_ultrawide_10000_baseline,01_all_descendants,q04,3,2.310
artificial_trees_ultrawide_10000_baseline,01_all_descendants,q04,4,2.293
artificial_trees_ultrawide_10000_baseline,01_all_descendants,q04,5,2.664
artificial_trees_ultrawide_10000_dewey,01_all_descendants,q04,1,13.124
artificial_trees_ultrawide_10000_dewey,01_all_descendants,q04,2,2.600
artificial_trees_ultrawide_10000_dewey,01_all_descendants,q04,3,2.482
artificial_trees_ultrawide_10000_dewey,01_all_descendants,q04,4,2.829
artificial_trees_ultrawide_10000_dewey,01_all_descendants,q04,5,2.628
artificial_trees_ultrawide_10000_prepost,01_all_descendants,q04,1,11.735
artificial_trees_ultrawide_10000_prepost,01_all_descendants,q04,2,2.598
artificial_trees_ultrawide_10000_prepost,01_all_descendants,q04,3,2.532
artificial_trees_ultrawide_10000_prepost,01_all_descendants,q04,4,2.940
artificial_trees_ultrawide_10000_prepost,01_all_descendants,q04,5,2.526
artificial_trees_ultrawide_10000_baseline,11_check_if_ancestor,q07,1,64.957
artificial_trees_ultrawide_10000_baseline,11_check_if_ancestor,q07,2,1.386
artificial_trees_ultrawide_10000_baseline,11_check_if_ancestor,q07,3,1.352
artificial_trees_ultrawide_10000_baseline,11_check_if_ancestor,q07,4,2.282
artificial_trees_ultrawide_10000_baseline,11_check_if_ancestor,q07,5,1.230
artificial_trees_ultrawide_10000_dewey,11_check_if_ancestor,q07,1,45.727
artificial_trees_ultrawide_10000_dewey,11_check_if_ancestor,q07,2,1.200
artificial_trees_ultrawide_10000_dewey,11_check_if_ancestor,q07,3,0.988
artificial_trees_ultrawide_10000_dewey,11_check_if_ancestor,q07,4,0.955
artificial_trees_ultrawide_10000_dewey,11_check_if_ancestor,q07,5,1.261
artificial_trees_ultrawide_10000_prepost,11_check_if_ancestor,q07,1,39.188
artificial_trees_ultrawide_10000_prepost,11_check_if_ancestor,q07,2,1.047
artificial_trees_ultrawide_10000_prepost,11_check_if_ancestor,q07,3,0.910
artificial_trees_ultrawide_10000_prepost,11_check_if_ancestor,q07,4,0.880
artificial_trees_ultrawide_10000_prepost,11_check_if_ancestor,q07,5,0.908
artificial_trees_ultrawide_10000_baseline,11_check_if_ancestor,q08,1,8.290
artificial_trees_ultrawide_10000_baseline,11_check_if_ancestor,q08,2,1.294
artificial_trees_ultrawide_10000_baseline,11_check_if_ancestor,q08,3,1.230
artificial_trees_ultrawide_10000_baseline,11_check_if_ancestor,q08,4,1.222
artificial_trees_ultrawide_10000_baseline,11_check_if_ancestor,q08,5,1.195
artificial_trees_ultrawide_10000_dewey,11_check_if_ancestor,q08,1,6.933
artificial_trees_ultrawide_10000_dewey,11_check_if_ancestor,q08,2,1.113
artificial_trees_ultrawide_10000_dewey,11_check_if_ancestor,q08,3,1.060
artificial_trees_ultrawide_10000_dewey,11_check_if_ancestor,q08,4,1.121
artificial_trees_ultrawide_10000_dewey,11_check_if_ancestor,q08,5,1.134
artificial_trees_ultrawide_10000_prepost,11_check_if_ancestor,q08,1,7.216
artificial_trees_ultrawide_10000_prepost,11_check_if_ancestor,q08,2,1.518
artificial_trees_ultrawide_10000_prepost,11_check_if_ancestor,q08,3,1.116
artificial_trees_ultrawide_10000_prepost,11_check_if_ancestor,q08,4,1.136
artificial_trees_ultrawide_10000_prepost,11_check_if_ancestor,q08,5,1.097
artificial_trees_ultrawide_100000_baseline,01_all_descendants,q01_q02,1,4178.050
artificial_trees_ultrawide_100000_baseline,01_all_descendants,q01_q02,2,4267.099
artificial_trees_ultrawide_100000_baseline,01_all_descendants,q01_q02,3,4312.966
artificial_trees_ultrawide_100000_baseline,01_all_descendants,q01_q02,4,4380.181
artificial_trees_ultrawide_100000_baseline,01_all_descendants,q01_q02,5,4421.810
artificial_trees_ultrawide_100000_dewey,01_all_descendants,q01_q02,1,5309.143
artificial_trees_ultrawide_100000_dewey,01_all_descendants,q01_q02,2,4933.143
artificial_trees_ultrawide_100000_dewey,01_all_descendants,q01_q02,3,5078.651
artificial_trees_ultrawide_100000_dewey,01_all_descendants,q01_q02,4,5139.905
artificial_trees_ultrawide_100000_dewey,01_all_descendants,q01_q02,5,5124.128
artificial_trees_ultrawide_100000_prepost,01_all_descendants,q01_q02,1,5642.319
artificial_trees_ultrawide_100000_prepost,01_all_descendants,q01_q02,2,5229.917
artificial_trees_ultrawide_100000_prepost,01_all_descendants,q01_q02,3,5448.229
artificial_trees_ultrawide_100000_prepost,01_all_descendants,q01_q02,4,5216.086
artificial_trees_ultrawide_100000_prepost,01_all_descendants,q01_q02,5,5269.493
artificial_trees_ultrawide_100000_baseline,01_all_descendants,q04,1,9.388
artificial_trees_ultrawide_100000_baseline,01_all_descendants,q04,2,1.288
artificial_trees_ultrawide_100000_baseline,01_all_descendants,q04,3,1.210
artificial_trees_ultrawide_100000_baseline,01_all_descendants,q04,4,1.195
artificial_trees_ultrawide_100000_baseline,01_all_descendants,q04,5,1.167
artificial_trees_ultrawide_100000_dewey,01_all_descendants,q04,1,12.959
artificial_trees_ultrawide_100000_dewey,01_all_descendants,q04,2,1.469
artificial_trees_ultrawide_100000_dewey,01_all_descendants,q04,3,1.282
artificial_trees_ultrawide_100000_dewey,01_all_descendants,q04,4,1.287
artificial_trees_ultrawide_100000_dewey,01_all_descendants,q04,5,1.306
artificial_trees_ultrawide_100000_prepost,01_all_descendants,q04,1,11.041
artificial_trees_ultrawide_100000_prepost,01_all_descendants,q04,2,1.312
artificial_trees_ultrawide_100000_prepost,01_all_descendants,q04,3,1.311
artificial_trees_ultrawide_100000_prepost,01_all_descendants,q04,4,1.255
artificial_trees_ultrawide_100000_prepost,01_all_descendants,q04,5,1.319
artificial_trees_ultrawide_100000_baseline,11_check_if_ancestor,q07,1,95.970
artificial_trees_ultrawide_100000_baseline,11_check_if_ancestor,q07,2,1.701
artificial_trees_ultrawide_100000_baseline,11_check_if_ancestor,q07,3,1.577
artificial_trees_ultrawide_100000_baseline,11_check_if_ancestor,q07,4,1.493
artificial_trees_ultrawide_100000_baseline,11_check_if_ancestor,q07,5,1.528
artificial_trees_ultrawide_100000_dewey,11_check_if_ancestor,q07,1,39.244
artificial_trees_ultrawide_100000_dewey,11_check_if_ancestor,q07,2,1.825
artificial_trees_ultrawide_100000_dewey,11_check_if_ancestor,q07,3,1.298
artificial_trees_ultrawide_100000_dewey,11_check_if_ancestor,q07,4,1.279
artificial_trees_ultrawide_100000_dewey,11_check_if_ancestor,q07,5,1.265
artificial_trees_ultrawide_100000_prepost,11_check_if_ancestor,q07,1,37.554
artificial_trees_ultrawide_100000_prepost,11_check_if_ancestor,q07,2,1.294
artificial_trees_ultrawide_100000_prepost,11_check_if_ancestor,q07,3,1.642
artificial_trees_ultrawide_100000_prepost,11_check_if_ancestor,q07,4,1.181
artificial_trees_ultrawide_100000_prepost,11_check_if_ancestor,q07,5,1.182
artificial_trees_ultrawide_100000_baseline,11_check_if_ancestor,q08,1,8.468
artificial_trees_ultrawide_100000_baseline,11_check_if_ancestor,q08,2,1.282
artificial_trees_ultrawide_100000_baseline,11_check_if_ancestor,q08,3,1.267
artificial_trees_ultrawide_100000_baseline,11_check_if_ancestor,q08,4,1.613
artificial_trees_ultrawide_100000_baseline,11_check_if_ancestor,q08,5,1.228
artificial_trees_ultrawide_100000_dewey,11_check_if_ancestor,q08,1,7.710
artificial_trees_ultrawide_100000_dewey,11_check_if_ancestor,q08,2,1.261
artificial_trees_ultrawide_100000_dewey,11_check_if_ancestor,q08,3,1.239
artificial_trees_ultrawide_100000_dewey,11_check_if_ancestor,q08,4,1.212
artificial_trees_ultrawide_100000_dewey,11_check_if_ancestor,q08,5,2.322
artificial_trees_ultrawide_100000_prepost,11_check_if_ancestor,q08,1,7.909
artificial_trees_ultrawide_100000_prepost,11_check_if_ancestor,q08,2,1.271
artificial_trees_ultrawide_100000_prepost,11_check_if_ancestor,q08,3,1.329
artificial_trees_ultrawide_100000_prepost,11_check_if_ancestor,q08,4,1.319
artificial_trees_ultrawide_100000_prepost,11_check_if_ancestor,q08,5,1.398
snb_sf1_comment_baseline,01_all_descendants,q01,1,36.320
snb_sf1_comment_baseline,01_all_descendants,q01,2,4.709
snb_sf1_comment_baseline,01_all_descendants,q01,3,4.648
snb_sf1_comment_baseline,01_all_descendants,q01,4,5.037
snb_sf1_comment_baseline,01_all_descendants,q01,5,4.546
snb_sf1_comment_dewey,01_all_descendants,q01,1,41.595
snb_sf1_comment_dewey,01_all_descendants,q01,2,4.836
snb_sf1_comment_dewey,01_all_descendants,q01,3,4.357
snb_sf1_comment_dewey,01_all_descendants,q01,4,4.387
snb_sf1_comment_dewey,01_all_descendants,q01,5,4.490
snb_sf1_comment_prepost,01_all_descendants,q01,1,40.542
snb_sf1_comment_prepost,01_all_descendants,q01,2,4.678
snb_sf1_comment_prepost,01_all_descendants,q01,3,4.611
snb_sf1_comment_prepost,01_all_descendants,q01,4,5.016
snb_sf1_comment_prepost,01_all_descendants,q01,5,4.710
snb_sf1_comment_baseline,01_all_descendants,q04,1,9.512
snb_sf1_comment_baseline,01_all_descendants,q04,2,1.578
snb_sf1_comment_baseline,01_all_descendants,q04,3,1.530
snb_sf1_comment_baseline,01_all_descendants,q04,4,1.482
snb_sf1_comment_baseline,01_all_descendants,q04,5,1.858
snb_sf1_comment_dewey,01_all_descendants,q04,1,11.902
snb_sf1_comment_dewey,01_all_descendants,q04,2,1.635
snb_sf1_comment_dewey,01_all_descendants,q04,3,1.571
snb_sf1_comment_dewey,01_all_descendants,q04,4,1.536
snb_sf1_comment_dewey,01_all_descendants,q04,5,1.577
snb_sf1_comment_prepost,01_all_descendants,q04,1,10.361
snb_sf1_comment_prepost,01_all_descendants,q04,2,1.658
snb_sf1_comment_prepost,01_all_descendants,q04,3,1.567
snb_sf1_comment_prepost,01_all_descendants,q04,4,1.590
snb_sf1_comment_prepost,01_all_descendants,q04,5,1.577
snb_sf1_comment_baseline,11_check_if_ancestor,q07,1,59.992
snb_sf1_comment_baseline,11_check_if_ancestor,q07,2,1.557
snb_sf1_comment_baseline,11_check_if_ancestor,q07,3,1.751
snb_sf1_comment_baseline,11_check_if_ancestor,q07,4,1.355
snb_sf1_comment_baseline,11_check_if_ancestor,q07,5,1.416
snb_sf1_comment_dewey,11_check_if_ancestor,q07,1,34.238
snb_sf1_comment_dewey,11_check_if_ancestor,q07,2,1.190
snb_sf1_comment_dewey,11_check_if_ancestor,q07,3,1.124
snb_sf1_comment_dewey,11_check_if_ancestor,q07,4,1.457
snb_sf1_comment_dewey,11_check_if_ancestor,q07,5,1.080
snb_sf1_comment_prepost,11_check_if_ancestor,q07,1,34.184
snb_sf1_comment_prepost,11_check_if_ancestor,q07,2,1.116
snb_sf1_comment_prepost,11_check_if_ancestor,q07,3,1.084
snb_sf1_comment_prepost,11_check_if_ancestor,q07,4,1.063
snb_sf1_comment_prepost,11_check_if_ancestor,q07,5,1.043
snb_sf1_comment_baseline,11_check_if_ancestor,q08,1,7.607
snb_sf1_comment_baseline,11_check_if_ancestor,q08,2,1.209
snb_sf1_comment_baseline,11_check_if_ancestor,q08,3,1.161
snb_sf1_comment_baseline,11_check_if_ancestor,q08,4,1.133
snb_sf1_comment_baseline,11_check_if_ancestor,q08,5,1.138
snb_sf1_comment_dewey,11_check_if_ancestor,q08,1,6.988
snb_sf1_comment_dewey,11_check_if_ancestor,q08,2,1.091
snb_sf1_comment_dewey,11_check_if_ancestor,q08,3,1.063
snb_sf1_comment_dewey,11_check_if_ancestor,q08,4,1.051
snb_sf1_comment_dewey,11_check_if_ancestor,q08,5,1.028
snb_sf1_comment_prepost,11_check_if_ancestor,q08,1,7.260
snb_sf1_comment_prepost,11_check_if_ancestor,q08,2,1.126
snb_sf1_comment_prepost,11_check_if_ancestor,q08,3,1.095
snb_sf1_comment_prepost,11_check_if_ancestor,q08,4,1.070
snb_sf1_comment_prepost,11_check_if_ancestor,q08,5,1.128
snb_sf1_place_baseline,01_all_descendants,q01_q02,1,100.026
snb_sf1_place_baseline,01_all_descendants,q01_q02,2,56.348
snb_sf1_place_baseline,01_all_descendants,q01_q02,3,46.343
snb_sf1_place_baseline,01_all_descendants,q01_q02,4,35.782
snb_sf1_place_baseline,01_all_descendants,q01_q02,5,36.563
snb_sf1_place_dewey,01_all_descendants,q01_q02,1,69.785
snb_sf1_place_dewey,01_all_descendants,q01_q02,2,41.641
snb_sf1_place_dewey,01_all_descendants,q01_q02,3,39.274
snb_sf1_place_dewey,01_all_descendants,q01_q02,4,40.105
snb_sf1_place_dewey,01_all_descendants,q01_q02,5,41.164
snb_sf1_place_prepost,01_all_descendants,q01_q02,1,87.681
snb_sf1_place_prepost,01_all_descendants,q01_q02,2,44.004
snb_sf1_place_prepost,01_all_descendants,q01_q02,3,41.205
snb_sf1_place_prepost,01_all_descendants,q01_q02,4,41.181
snb_sf1_place_prepost,01_all_descendants,q01_q02,5,42.907
snb_sf1_place_baseline,01_all_descendants,q04,1,8.860
snb_sf1_place_baseline,01_all_descendants,q04,2,1.163
snb_sf1_place_baseline,01_all_descendants,q04,3,1.119
snb_sf1_place_baseline,01_all_descendants,q04,4,1.118
snb_sf1_place_baseline,01_all_descendants,q04,5,1.132
snb_sf1_place_dewey,01_all_descendants,q04,1,11.484
snb_sf1_place_dewey,01_all_descendants,q04,2,1.295
snb_sf1_place_dewey,01_all_descendants,q04,3,1.309
snb_sf1_place_dewey,01_all_descendants,q04,4,1.293
snb_sf1_place_dewey,01_all_descendants,q04,5,1.304
snb_sf1_place_prepost,01_all_descendants,q04,1,10.347
snb_sf1_place_prepost,01_all_descendants,q04,2,1.602
snb_sf1_place_prepost,01_all_descendants,q04,3,1.533
snb_sf1_place_prepost,01_all_descendants,q04,4,1.517
snb_sf1_place_prepost,01_all_descendants,q04,5,1.533
snb_sf1_place_baseline,11_check_if_ancestor,q07,1,62.751
snb_sf1_place_baseline,11_check_if_ancestor,q07,2,1.449
snb_sf1_place_baseline,11_check_if_ancestor,q07,3,1.295
snb_sf1_place_baseline,11_check_if_ancestor,q07,4,1.305
snb_sf1_place_baseline,11_check_if_ancestor,q07,5,1.421
snb_sf1_place_dewey,11_check_if_ancestor,q07,1,33.038
snb_sf1_place_dewey,11_check_if_ancestor,q07,2,1.195
snb_sf1_place_dewey,11_check_if_ancestor,q07,3,1.094
snb_sf1_place_dewey,11_check_if_ancestor,q07,4,1.116
snb_sf1_place_dewey,11_check_if_ancestor,q07,5,1.055
snb_sf1_place_prepost,11_check_if_ancestor,q07,1,36.077
snb_sf1_place_prepost,11_check_if_ancestor,q07,2,1.540
snb_sf1_place_prepost,11_check_if_ancestor,q07,3,1.065
snb_sf1_place_prepost,11_check_if_ancestor,q07,4,1.079
snb_sf1_place_prepost,11_check_if_ancestor,q07,5,1.072
snb_sf1_place_baseline,11_check_if_ancestor,q08,1,8.270
snb_sf1_place_baseline,11_check_if_ancestor,q08,2,1.267
snb_sf1_place_baseline,11_check_if_ancestor,q08,3,1.493
snb_sf1_place_baseline,11_check_if_ancestor,q08,4,1.149
snb_sf1_place_baseline,11_check_if_ancestor,q08,5,1.124
snb_sf1_place_dewey,11_check_if_ancestor,q08,1,7.357
snb_sf1_place_dewey,11_check_if_ancestor,q08,2,1.097
snb_sf1_place_dewey,11_check_if_ancestor,q08,3,1.058
snb_sf1_place_dewey,11_check_if_ancestor,q08,4,1.425
snb_sf1_place_dewey,11_check_if_ancestor,q08,5,1.052
snb_sf1_place_prepost,11_check_if_ancestor,q08,1,7.496
snb_sf1_place_prepost,11_check_if_ancestor,q08,2,1.171
snb_sf1_place_prepost,11_check_if_ancestor,q08,3,1.089
snb_sf1_place_prepost,11_check_if_ancestor,q08,4,1.103
snb_sf1_place_prepost,11_check_if_ancestor,q08,5,1.102
snb_sf1_tagclass_baseline,01_all_descendants,q01_q02,1,36.994
snb_sf1_tagclass_baseline,01_all_descendants,q01_q02,2,9.695
snb_sf1_tagclass_baseline,01_all_descendants,q01_q02,3,9.383
snb_sf1_tagclass_baseline,01_all_descendants,q01_q02,4,9.734
snb_sf1_tagclass_baseline,01_all_descendants,q01_q02,5,9.566
snb_sf1_tagclass_dewey,01_all_descendants,q01_q02,1,55.308
snb_sf1_tagclass_dewey,01_all_descendants,q01_q02,2,10.958
snb_sf1_tagclass_dewey,01_all_descendants,q01_q02,3,10.634
snb_sf1_tagclass_dewey,01_all_descendants,q01_q02,4,11.119
snb_sf1_tagclass_dewey,01_all_descendants,q01_q02,5,10.876
snb_sf1_tagclass_prepost,01_all_descendants,q01_q02,1,53.946
snb_sf1_tagclass_prepost,01_all_descendants,q01_q02,2,11.568
snb_sf1_tagclass_prepost,01_all_descendants,q01_q02,3,11.126
snb_sf1_tagclass_prepost,01_all_descendants,q01_q02,4,11.340
snb_sf1_tagclass_prepost,01_all_descendants,q01_q02,5,11.114
snb_sf1_tagclass_baseline,01_all_descendants,q04,1,9.113
snb_sf1_tagclass_baseline,01_all_descendants,q04,2,1.530
snb_sf1_tagclass_baseline,01_all_descendants,q04,3,1.448
snb_sf1_tagclass_baseline,01_all_descendants,q04,4,1.429
snb_sf1_tagclass_baseline,01_all_descendants,q04,5,1.765
snb_sf1_tagclass_dewey,01_all_descendants,q04,1,11.777
snb_sf1_tagclass_dewey,01_all_descendants,q04,2,1.567
snb_sf1_tagclass_dewey,01_all_descendants,q04,3,1.489
snb_sf1_tagclass_dewey,01_all_descendants,q04,4,1.521
snb_sf1_tagclass_dewey,01_all_descendants,q04,5,1.461
snb_sf1_tagclass_prepost,01_all_descendants,q04,1,10.325
snb_sf1_tagclass_prepost,01_all_descendants,q04,2,1.634
snb_sf1_tagclass_prepost,01_all_descendants,q04,3,1.535
snb_sf1_tagclass_prepost,01_all_descendants,q04,4,1.491
snb_sf1_tagclass_prepost,01_all_descendants,q04,5,1.499
snb_sf1_tagclass_baseline,11_check_if_ancestor,q07,1,61.323
snb_sf1_tagclass_baseline,11_check_if_ancestor,q07,2,1.413
snb_sf1_tagclass_baseline,11_check_if_ancestor,q07,3,1.204
snb_sf1_tagclass_baseline,11_check_if_ancestor,q07,4,1.163
snb_sf1_tagclass_baseline,11_check_if_ancestor,q07,5,1.152
snb_sf1_tagclass_dewey,11_check_if_ancestor,q07,1,35.273
snb_sf1_tagclass_dewey,11_check_if_ancestor,q07,2,1.295
snb_sf1_tagclass_dewey,11_check_if_ancestor,q07,3,1.075
snb_sf1_tagclass_dewey,11_check_if_ancestor,q07,4,1.146
snb_sf1_tagclass_dewey,11_check_if_ancestor,q07,5,1.088
snb_sf1_tagclass_prepost,11_check_if_ancestor,q07,1,37.373
snb_sf1_tagclass_prepost,11_check_if_ancestor,q07,2,1.200
snb_sf1_tagclass_prepost,11_check_if_ancestor,q07,3,1.482
snb_sf1_tagclass_prepost,11_check_if_ancestor,q07,4,1.026
snb_sf1_tagclass_prepost,11_check_if_ancestor,q07,5,1.023
snb_sf1_tagclass_baseline,11_check_if_ancestor,q08,1,10.069
snb_sf1_tagclass_baseline,11_check_if_ancestor,q08,2,1.389
snb_sf1_tagclass_baseline,11_check_if_ancestor,q08,3,1.327
snb_sf1_tagclass_baseline,11_check_if_ancestor,q08,4,1.582
snb_sf1_tagclass_baseline,11_check_if_ancestor,q08,5,1.156
snb_sf1_tagclass_dewey,11_check_if_ancestor,q08,1,7.104
snb_sf1_tagclass_dewey,11_check_if_ancestor,q08,2,1.109
snb_sf1_tagclass_dewey,11_check_if_ancestor,q08,3,1.074
snb_sf1_tagclass_dewey,11_check_if_ancestor,q08,4,1.033
snb_sf1_tagclass_dewey,11_check_if_ancestor,q08,5,1.437
snb_sf1_tagclass_prepost,11_check_if_ancestor,q08,1,7.493
snb_sf1_tagclass_prepost,11_check_if_ancestor,q08,2,1.248
snb_sf1_tagclass_prepost,11_check_if_ancestor,q08,3,1.091
snb_sf1_tagclass_prepost,11_check_if_ancestor,q08,4,1.044
snb_sf1_tagclass_prepost,11_check_if_ancestor,q08,5,1.079
